{
  "Workflows": [
    {
      "Path": null,
      "SortBy": 0,
      "VariablesSectionElementsOrder": [],
      "ArgumentsSectionElementsOrder": null,
      "ConstantsSectionElementsOrder": [],
      "AddedNamespaces": null
    },
    {
      "Path": "Main.xaml",
      "SortBy": 0,
      "VariablesSectionElementsOrder": [
        "ExcelFilePath&Sequence_1",
        "status&Sequence_1",
        "MemberAddress&Sequence_1",
        "OTPEntered&Sequence_1",
        "MemberName&Sequence_1",
        "MemberPhone&Sequence_1",
        "OTP&Sequence_1",
        "MemberEmail&Sequence_1",
        "cupboard&Sequence_1",
        "bookindex&Sequence_1",
        "bookdata&Sequence_1",
        "bookname&Sequence_1",
        "loosu&Sequence_1",
        "b&Sequence_1",
        "a&Sequence_1"
      ],
      "ArgumentsSectionElementsOrder": [],
      "ConstantsSectionElementsOrder": [],
      "AddedNamespaces": null
    }
  ]
}